process_step,Variation,Average time
start,Control,164.55826822916666
step_1,Control,42.15972222222222
step_2,Control,29.027378027378028
step_3,Control,62.14722069345074
confirm,Control,122.35758692148285
start,Test,162.1926860564585
step_1,Test,45.64770797962649
step_2,Test,53.418483412322274
step_3,Test,96.7691597414589
confirm,Test,159.50972024656235
